Subject,Start Date,Start Time,End Date,End Time,All Day Event,Description,Location,Private
[BBCP] 予選,,,true,[BBCP] 予選,,false
[BBCP] 予選,,,true,[BBCP] 予選,,false
[BBCP] 予選,,,true,[BBCP] 予選,,false
[BBCP]北海道エリア 予選,,,true,[BBCP]北海道エリア 予選,,false
[BBCP] 予選,,,true,[BBCP] 予選,,false
[BBCP] 予選,,,true,[BBCP] 予選,,false
[BBCP] 予選,,,true,[BBCP] 予選,,false
[BBCP] 予選,3/17/2013,3/17/2013,true,[BBCP] 予選,,false
[BBCP] 予選,,,true,[BBCP] 予選,,false
[BBCP] キャッツアイ麻生店予選,,,true,[BBCP] キャッツアイ麻生店予選,キャッツアイ麻生店,false
[BBCP] 予選,,,true,[BBCP] 予選,,false
[BBCP] 予選,,,true,[BBCP] 予選,,false
[BBCP] 予選,3/20/2013,3/20/2013,true,[BBCP] 予選,,false
[BBCP] 予選,,,true,[BBCP] 予選,,false
[BBCP] キャッツアイ東苗穂店予選,,,true,[BBCP] キャッツアイ東苗穂店予選,キャッツアイ東苗穂店,false
[BBCP] 予選,,,true,[BBCP] 予選,,false
[BBCP] 予選,,,true,[BBCP] 予選,,false
[BBCP] 予選,3/23/2013,3/23/2013,true,[BBCP] 予選,,false
[BBCP] 予選,,,true,[BBCP] 予選,,false
[BBCP] キャッツアイ清田店予選,,,true,[BBCP] キャッツアイ清田店予選,キャッツアイ清田店,false
[BBCP] 予選,,,true,[BBCP] 予選,,false
[BBCP] 予選,,,true,[BBCP] 予選,,false
[BBCP] 予選,3/24/2013,3/24/2013,true,[BBCP] 予選,,false
[BBCP] 予選,,,true,[BBCP] 予選,,false
[BBCP] キャッツアイ苫小牧店予選,,,true,[BBCP] キャッツアイ苫小牧店予選,キャッツアイ苫小牧店,false
[BBCP] 予選,,,true,[BBCP] 予選,,false
[BBCP] 予選,,,true,[BBCP] 予選,,false
[BBCP] 予選,,,true,[BBCP] 予選,,false
[BBCP] 予選,,,true,[BBCP] 予選,,false
[BBCP] 予選,3/30/2013,3/30/2013,true,[BBCP] 予選,,false
[BBCP] 予選,,,true,[BBCP] 予選,,false
[BBCP] GEOパーク釧路町予選,,,true,[BBCP] GEOパーク釧路町予選,GEOパーク釧路町,false
[BBCP] 予選,,,true,[BBCP] 予選,,false
[BBCP] 予選,,,true,[BBCP] 予選,,false
[BBCP] 予選,3/31/2013,3/31/2013,true,[BBCP] 予選,,false
[BBCP] 予選,,,true,[BBCP] 予選,,false
[BBCP] タイトーステーション千歳予選,,,true,[BBCP] タイトーステーション千歳予選,タイトーステーション千歳,false
[BBCP] 予選,,,true,[BBCP] 予選,,false
[BBCP] 予選,,,true,[BBCP] 予選,,false
[BBCP] 予選,4/6/2013,4/6/2013,true,[BBCP] 予選,,false
[BBCP] 予選,,,true,[BBCP] 予選,,false
[BBCP] キャッツアイ手稲店予選,,,true,[BBCP] キャッツアイ手稲店予選,キャッツアイ手稲店,false
[BBCP] 予選,,,true,[BBCP] 予選,,false
[BBCP] 予選,,,true,[BBCP] 予選,,false
[BBCP] 予選,4/7/2013,4/7/2013,true,[BBCP] 予選,,false
[BBCP] 予選,,,true,[BBCP] 予選,,false
[BBCP] アドアーズ札幌狸小路店予選,,,true,[BBCP] アドアーズ札幌狸小路店予選,アドアーズ札幌狸小路店,false
[BBCP] 予選,,,true,[BBCP] 予選,,false
[BBCP] 予選,,,true,[BBCP] 予選,,false
[BBCP] 予選,,,true,[BBCP] 予選,,false
[BBCP] 予選,4/13/2013,4/13/2013,true,[BBCP] 予選,,false
[BBCP] 予選,,,true,[BBCP] 予選,,false
[BBCP] ギャラクシーゲート函館予選,,,true,[BBCP] ギャラクシーゲート函館予選,ギャラクシーゲート函館,false
[BBCP] 予選,,,true,[BBCP] 予選,,false
[BBCP] 予選,,,true,[BBCP] 予選,,false
[BBCP] 予選,4/14/2013,4/14/2013,true,[BBCP] 予選,,false
[BBCP] 予選,,,true,[BBCP] 予選,,false
[BBCP] キャッツアイ篠路店予選,,,true,[BBCP] キャッツアイ篠路店予選,キャッツアイ篠路店,false
[BBCP] 予選,,,true,[BBCP] 予選,,false
[BBCP] 予選,,,true,[BBCP] 予選,,false
[BBCP] 予選,4/20/2013,4/20/2013,true,[BBCP] 予選,,false
[BBCP] 予選,,,true,[BBCP] 予選,,false
[BBCP] キャッツアイ新川店予選,,,true,[BBCP] キャッツアイ新川店予選,キャッツアイ新川店,false
[BBCP] 予選,,,true,[BBCP] 予選,,false
[BBCP] 予選,,,true,[BBCP] 予選,,false
[BBCP] 予選,4/21/2013,4/21/2013,true,[BBCP] 予選,,false
[BBCP] 予選,,,true,[BBCP] 予選,,false
[BBCP] MAXIM HERO予選,,,true,[BBCP] MAXIM HERO予選,MAXIM HERO,false
[BBCP] 予選,,,true,[BBCP] 予選,,false
[BBCP] 予選,,,true,[BBCP] 予選,,false
[BBCP] 予選,,,true,[BBCP] 予選,,false
[BBCP] 予選,,,true,[BBCP] 予選,,false
[BBCP] 予選,,,true,[BBCP] 予選,,false
[BBCP]福島エリア 予選,,,true,[BBCP]福島エリア 予選,,false
[BBCP] 予選,,,true,[BBCP] 予選,,false
[BBCP] 予選,,,true,[BBCP] 予選,,false
[BBCP] 予選,3/16/2013,3/16/2013,true,[BBCP] 予選,,false
[BBCP] 予選,,,true,[BBCP] 予選,,false
[BBCP] ドリームファクトリーＮ２予選,,,true,[BBCP] ドリームファクトリーＮ２予選,ドリームファクトリーＮ２,false
[BBCP] 予選,,,true,[BBCP] 予選,,false
[BBCP] 予選,,,true,[BBCP] 予選,,false
[BBCP] 予選,3/17/2013,3/17/2013,true,[BBCP] 予選,,false
[BBCP] 予選,,,true,[BBCP] 予選,,false
[BBCP] ゲームギガAGS予選,,,true,[BBCP] ゲームギガAGS予選,ゲームギガAGS,false
[BBCP] 予選,,,true,[BBCP] 予選,,false
[BBCP] 予選,,,true,[BBCP] 予選,,false
[BBCP] 予選,3/20/2013,3/20/2013,true,[BBCP] 予選,,false
[BBCP] 予選,,,true,[BBCP] 予選,,false
[BBCP] スーパーノバ福島店予選,,,true,[BBCP] スーパーノバ福島店予選,スーパーノバ福島店,false
[BBCP] 予選,,,true,[BBCP] 予選,,false
[BBCP] 予選,,,true,[BBCP] 予選,,false
[BBCP] 予選,3/23/2013,3/23/2013,true,[BBCP] 予選,,false
[BBCP] 予選,,,true,[BBCP] 予選,,false
[BBCP] スーパービンゴ郡山予選,,,true,[BBCP] スーパービンゴ郡山予選,スーパービンゴ郡山,false
[BBCP] 予選,,,true,[BBCP] 予選,,false
[BBCP] 予選,,,true,[BBCP] 予選,,false
[BBCP] 予選,,,true,[BBCP] 予選,,false
[BBCP] 予選,,,true,[BBCP] 予選,,false
[BBCP] 予選,,,true,[BBCP] 予選,,false
[BBCP]宮城エリア 予選,,,true,[BBCP]宮城エリア 予選,,false
[BBCP] 予選,,,true,[BBCP] 予選,,false
[BBCP] 予選,,,true,[BBCP] 予選,,false
[BBCP] 予選,3/24/2013,3/24/2013,true,[BBCP] 予選,,false
[BBCP] 予選,,,true,[BBCP] 予選,,false
[BBCP] プレイランド　エフワンR予選,,,true,[BBCP] プレイランド　エフワンR予選,プレイランド　エフワンR,false
[BBCP] 予選,,,true,[BBCP] 予選,,false
[BBCP] 予選,,,true,[BBCP] 予選,,false
[BBCP] 予選,3/30/2013,3/30/2013,true,[BBCP] 予選,,false
[BBCP] 予選,,,true,[BBCP] 予選,,false
[BBCP] THE 3RD   PLANET BiVi仙台店予選,,,true,[BBCP] THE 3RD   PLANET BiVi仙台店予選,THE 3RD   PLANET BiVi仙台店,false
[BBCP] 予選,,,true,[BBCP] 予選,,false
[BBCP] 予選,,,true,[BBCP] 予選,,false
[BBCP] 予選,3/31/2013,3/31/2013,true,[BBCP] 予選,,false
[BBCP] 予選,,,true,[BBCP] 予選,,false
[BBCP] タイトーステーション仙台クリスロード予選,,,true,[BBCP] タイトーステーション仙台クリスロード予選,タイトーステーション仙台クリスロード,false
[BBCP] 予選,,,true,[BBCP] 予選,,false
[BBCP] 予選,,,true,[BBCP] 予選,,false
[BBCP] 予選,,,true,[BBCP] 予選,,false
[BBCP] 予選,,,true,[BBCP] 予選,,false
[BBCP] 予選,,,true,[BBCP] 予選,,false
[BBCP]青森エリア 予選,,,true,[BBCP]青森エリア 予選,,false
[BBCP] 予選,,,true,[BBCP] 予選,,false
[BBCP] 予選,,,true,[BBCP] 予選,,false
[BBCP] 予選,4/6/2013,4/6/2013,true,[BBCP] 予選,,false
[BBCP] 予選,,,true,[BBCP] 予選,,false
[BBCP] Ｇ３ポロス八戸店予選,,,true,[BBCP] Ｇ３ポロス八戸店予選,Ｇ３ポロス八戸店,false
[BBCP] 予選,,,true,[BBCP] 予選,,false
[BBCP] 予選,,,true,[BBCP] 予選,,false
[BBCP] 予選,4/7/2013,4/7/2013,true,[BBCP] 予選,,false
[BBCP] 予選,,,true,[BBCP] 予選,,false
[BBCP] パロ五所川原店予選,,,true,[BBCP] パロ五所川原店予選,パロ五所川原店,false
[BBCP] 予選,,,true,[BBCP] 予選,,false
[BBCP] 予選,,,true,[BBCP] 予選,,false
[BBCP] 予選,4/13/2013,4/13/2013,true,[BBCP] 予選,,false
[BBCP] 予選,,,true,[BBCP] 予選,,false
[BBCP] セガワールド八戸Ｒ４５予選,,,true,[BBCP] セガワールド八戸Ｒ４５予選,セガワールド八戸Ｒ４５,false
[BBCP] 予選,,,true,[BBCP] 予選,,false
[BBCP] 予選,,,true,[BBCP] 予選,,false
[BBCP] 予選,,,true,[BBCP] 予選,,false
[BBCP] 予選,,,true,[BBCP] 予選,,false
[BBCP] 予選,,,true,[BBCP] 予選,,false
[BBCP]岩手エリア 予選,,,true,[BBCP]岩手エリア 予選,,false
[BBCP] 予選,,,true,[BBCP] 予選,,false
[BBCP] 予選,,,true,[BBCP] 予選,,false
[BBCP] 予選,4/14/2013,4/14/2013,true,[BBCP] 予選,,false
[BBCP] 予選,,,true,[BBCP] 予選,,false
[BBCP] みらい夢青山店予選,,,true,[BBCP] みらい夢青山店予選,みらい夢青山店,false
[BBCP] 予選,,,true,[BBCP] 予選,,false
[BBCP] 予選,,,true,[BBCP] 予選,,false
[BBCP] 予選,4/20/2013,4/20/2013,true,[BBCP] 予選,,false
[BBCP] 予選,,,true,[BBCP] 予選,,false
[BBCP] みらい夢津志田店予選,,,true,[BBCP] みらい夢津志田店予選,みらい夢津志田店,false
[BBCP] 予選,,,true,[BBCP] 予選,,false
[BBCP] 予選,,,true,[BBCP] 予選,,false
[BBCP] 予選,,,true,[BBCP] 予選,,false
[BBCP] 予選,,,true,[BBCP] 予選,,false
[BBCP] 予選,,,true,[BBCP] 予選,,false
[BBCP]山形エリア 予選,,,true,[BBCP]山形エリア 予選,,false
[BBCP] 予選,,,true,[BBCP] 予選,,false
[BBCP] 予選,,,true,[BBCP] 予選,,false
[BBCP] 予選,4/21/2013,4/21/2013,true,[BBCP] 予選,,false
[BBCP] 予選,,,true,[BBCP] 予選,,false
[BBCP] NEXT.ONE米沢店予選,,,true,[BBCP] NEXT.ONE米沢店予選,NEXT.ONE米沢店,false
[BBCP] 予選,,,true,[BBCP] 予選,,false
[BBCP] 予選,,,true,[BBCP] 予選,,false
[P4U] 予選,,,true,[P4U] 予選,,false
[P4U] 予選,,,true,[P4U] 予選,,false
[P4U] 予選,,,true,[P4U] 予選,,false
[P4U]北海道エリア 予選,,,true,[P4U]北海道エリア 予選,,false
[P4U] 予選,,,true,[P4U] 予選,,false
[P4U] 予選,,,true,[P4U] 予選,,false
[P4U] 予選,,,true,[P4U] 予選,,false
[P4U] 予選,3/3/2013,3/3/2013,true,[P4U] 予選,,false
[P4U] 予選,,,true,[P4U] 予選,,false
[P4U] キャッツアイ新川店予選,,,true,[P4U] キャッツアイ新川店予選,キャッツアイ新川店,false
[P4U] 予選,,,true,[P4U] 予選,,false
[P4U] 予選,,,true,[P4U] 予選,,false
[P4U] 予選,3/9/2013,3/9/2013,true,[P4U] 予選,,false
[P4U] 予選,,,true,[P4U] 予選,,false
[P4U] タイトーステーション千歳予選,,,true,[P4U] タイトーステーション千歳予選,タイトーステーション千歳,false
[P4U] 予選,,,true,[P4U] 予選,,false
[P4U] 予選,,,true,[P4U] 予選,,false
[P4U] 予選,3/10/2013,3/10/2013,true,[P4U] 予選,,false
[P4U] 予選,,,true,[P4U] 予選,,false
[P4U] MAXIM HERO予選,,,true,[P4U] MAXIM HERO予選,MAXIM HERO,false
[P4U] 予選,,,true,[P4U] 予選,,false
[P4U] 予選,,,true,[P4U] 予選,,false
[P4U] 予選,,,true,[P4U] 予選,,false
[P4U] 予選,3/23/2013,3/23/2013,true,[P4U] 予選,,false
[P4U] 予選,,,true,[P4U] 予選,,false
[P4U] キャッツアイ麻生店予選,,,true,[P4U] キャッツアイ麻生店予選,キャッツアイ麻生店,false
[P4U] 予選,,,true,[P4U] 予選,,false
[P4U] 予選,,,true,[P4U] 予選,,false
[P4U] 予選,3/24/2013,3/24/2013,true,[P4U] 予選,,false
[P4U] 予選,,,true,[P4U] 予選,,false
[P4U] キャッツアイ手稲店予選,,,true,[P4U] キャッツアイ手稲店予選,キャッツアイ手稲店,false
[P4U] 予選,,,true,[P4U] 予選,,false
[P4U] 予選,,,true,[P4U] 予選,,false
[P4U] 予選,3/30/2013,3/30/2013,true,[P4U] 予選,,false
[P4U] 予選,,,true,[P4U] 予選,,false
[P4U] キャッツアイ苫小牧店予選,,,true,[P4U] キャッツアイ苫小牧店予選,キャッツアイ苫小牧店,false
[P4U] 予選,,,true,[P4U] 予選,,false
[P4U] 予選,,,true,[P4U] 予選,,false
[P4U] 予選,,,true,[P4U] 予選,,false
[P4U] 予選,,,true,[P4U] 予選,,false
[P4U] 予選,,,true,[P4U] 予選,,false
[P4U]青森エリア 予選,,,true,[P4U]青森エリア 予選,,false
[P4U] 予選,,,true,[P4U] 予選,,false
[P4U] 予選,,,true,[P4U] 予選,,false
[P4U] 予選,3/9/2013,3/9/2013,true,[P4U] 予選,,false
[P4U] 予選,,,true,[P4U] 予選,,false
[P4U] Ｇ３ポロス八戸店予選,,,true,[P4U] Ｇ３ポロス八戸店予選,Ｇ３ポロス八戸店,false
[P4U] 予選,,,true,[P4U] 予選,,false
[P4U] 予選,,,true,[P4U] 予選,,false
[P4U] 予選,3/10/2013,3/10/2013,true,[P4U] 予選,,false
[P4U] 予選,,,true,[P4U] 予選,,false
[P4U] パロ五所川原店予選,,,true,[P4U] パロ五所川原店予選,パロ五所川原店,false
[P4U] 予選,,,true,[P4U] 予選,,false
[P4U] 予選,,,true,[P4U] 予選,,false
[P4U] 予選,3/16/2013,3/16/2013,true,[P4U] 予選,,false
[P4U] 予選,,,true,[P4U] 予選,,false
[P4U] セガワールド八戸Ｒ４５予選,,,true,[P4U] セガワールド八戸Ｒ４５予選,セガワールド八戸Ｒ４５,false
[P4U] 予選,,,true,[P4U] 予選,,false
[P4U] 予選,,,true,[P4U] 予選,,false
[P4U] 予選,,,true,[P4U] 予選,,false
[P4U] 予選,,,true,[P4U] 予選,,false
[P4U] 予選,,,true,[P4U] 予選,,false
[P4U]宮城エリア 予選,,,true,[P4U]宮城エリア 予選,,false
[P4U] 予選,,,true,[P4U] 予選,,false
[P4U] 予選,,,true,[P4U] 予選,,false
[P4U] 予選,3/17/2013,3/17/2013,true,[P4U] 予選,,false
[P4U] 予選,,,true,[P4U] 予選,,false
[P4U] プレイランド　エフワンR予選,,,true,[P4U] プレイランド　エフワンR予選,プレイランド　エフワンR,false
[P4U] 予選,,,true,[P4U] 予選,,false
[P4U] 予選,,,true,[P4U] 予選,,false
[P4U] 予選,3/20/2013,3/20/2013,true,[P4U] 予選,,false
[P4U] 予選,,,true,[P4U] 予選,,false
[P4U] THE 3RD PLANET BiVi仙台店予選,,,true,[P4U] THE 3RD PLANET BiVi仙台店予選,THE 3RD PLANET BiVi仙台店,false
[P4U] 予選,,,true,[P4U] 予選,,false
[P4U] 予選,,,true,[P4U] 予選,,false
[P4U] 予選,3/23/2013,3/23/2013,true,[P4U] 予選,,false
[P4U] 予選,,,true,[P4U] 予選,,false
[P4U] タイトーステーション仙台クリスロード予選,,,true,[P4U] タイトーステーション仙台クリスロード予選,タイトーステーション仙台クリスロード,false
[P4U] 予選,,,true,[P4U] 予選,,false
[P4U] 予選,,,true,[P4U] 予選,,false
[P4U] 予選,,,true,[P4U] 予選,,false
[P4U] 予選,,,true,[P4U] 予選,,false
[P4U] 予選,,,true,[P4U] 予選,,false
[P4U]福島エリア 予選,,,true,[P4U]福島エリア 予選,,false
[P4U] 予選,,,true,[P4U] 予選,,false
[P4U] 予選,,,true,[P4U] 予選,,false
[P4U] 予選,4/6/2013,4/6/2013,true,[P4U] 予選,,false
[P4U] 予選,,,true,[P4U] 予選,,false
[P4U] ゲームギガAGS予選,,,true,[P4U] ゲームギガAGS予選,ゲームギガAGS,false
[P4U] 予選,,,true,[P4U] 予選,,false
[P4U] 予選,,,true,[P4U] 予選,,false
[P4U] 予選,4/7/2013,4/7/2013,true,[P4U] 予選,,false
[P4U] 予選,,,true,[P4U] 予選,,false
[P4U] スーパーノバ福島店予選,,,true,[P4U] スーパーノバ福島店予選,スーパーノバ福島店,false
[P4U] 予選,,,true,[P4U] 予選,,false
[P4U] 予選,,,true,[P4U] 予選,,false
[P4U] 予選,4/13/2013,4/13/2013,true,[P4U] 予選,,false
[P4U] 予選,,,true,[P4U] 予選,,false
[P4U] スーパービンゴ郡山店予選,,,true,[P4U] スーパービンゴ郡山店予選,スーパービンゴ郡山店,false
[P4U] 予選,,,true,[P4U] 予選,,false
[P4U] 予選,,,true,[P4U] 予選,,false
[P4U] 予選,,,true,[P4U] 予選,,false
[P4U] 予選,,,true,[P4U] 予選,,false
[P4U] 予選,,,true,[P4U] 予選,,false
[P4U]山形エリア 予選,,,true,[P4U]山形エリア 予選,,false
[P4U] 予選,,,true,[P4U] 予選,,false
[P4U] 予選,,,true,[P4U] 予選,,false
[P4U] 予選,4/14/2013,4/14/2013,true,[P4U] 予選,,false
[P4U] 予選,,,true,[P4U] 予選,,false
[P4U] NEXT.ONE米沢店予選,,,true,[P4U] NEXT.ONE米沢店予選,NEXT.ONE米沢店,false
[P4U] 予選,,,true,[P4U] 予選,,false
[P4U] 予選,,,true,[P4U] 予選,,false
[GGAC] 予選,,,true,[GGAC] 予選,,false
[GGAC] 予選,,,true,[GGAC] 予選,,false
[GGAC] 予選,,,true,[GGAC] 予選,,false
[GGAC]北海道エリア 予選,,,true,[GGAC]北海道エリア 予選,,false
[GGAC] 予選,,,true,[GGAC] 予選,,false
[GGAC] 予選,,,true,[GGAC] 予選,,false
[GGAC] 予選,,,true,[GGAC] 予選,,false
[GGAC] 予選,3/24/2013,3/24/2013,true,[GGAC] 予選,,false
[GGAC] 予選,,,true,[GGAC] 予選,,false
[GGAC] キャッツアイ篠路店予選,,,true,[GGAC] キャッツアイ篠路店予選,キャッツアイ篠路店,false
[GGAC] 予選,,,true,[GGAC] 予選,,false
[GGAC] 予選,,,true,[GGAC] 予選,,false
[GGAC] 予選,3/30/2013,3/30/2013,true,[GGAC] 予選,,false
[GGAC] 予選,,,true,[GGAC] 予選,,false
[GGAC] キャッツアイ東苗穂店予選,,,true,[GGAC] キャッツアイ東苗穂店予選,キャッツアイ東苗穂店,false
[GGAC] 予選,,,true,[GGAC] 予選,,false
[GGAC] 予選,,,true,[GGAC] 予選,,false
[GGAC] 予選,3/31/2013,3/31/2013,true,[GGAC] 予選,,false
[GGAC] 予選,,,true,[GGAC] 予選,,false
[GGAC] キャッツアイ手稲店予選,,,true,[GGAC] キャッツアイ手稲店予選,キャッツアイ手稲店,false
[GGAC] 予選,,,true,[GGAC] 予選,,false
[GGAC] 予選,,,true,[GGAC] 予選,,false
[GGAC] 予選,,,true,[GGAC] 予選,,false
[GGAC] 予選,4/13/2013,4/13/2013,true,[GGAC] 予選,,false
[GGAC] 予選,,,true,[GGAC] 予選,,false
[GGAC] キャッツアイ新川店予選,,,true,[GGAC] キャッツアイ新川店予選,キャッツアイ新川店,false
[GGAC] 予選,,,true,[GGAC] 予選,,false
[GGAC] 予選,,,true,[GGAC] 予選,,false
[GGAC] 予選,4/14/2013,4/14/2013,true,[GGAC] 予選,,false
[GGAC] 予選,,,true,[GGAC] 予選,,false
[GGAC] MAXIM HERO予選,,,true,[GGAC] MAXIM HERO予選,MAXIM HERO,false
[GGAC] 予選,,,true,[GGAC] 予選,,false
[GGAC] 予選,,,true,[GGAC] 予選,,false
[GGAC] 予選,,,true,[GGAC] 予選,,false
[GGAC] 予選,,,true,[GGAC] 予選,,false
[GGAC] 予選,,,true,[GGAC] 予選,,false
[GGAC]福島エリア 予選,,,true,[GGAC]福島エリア 予選,,false
[GGAC] 予選,,,true,[GGAC] 予選,,false
[GGAC] 予選,,,true,[GGAC] 予選,,false
[GGAC] 予選,,,true,[GGAC] 予選,,false
[GGAC] 予選,3/24/2013,3/24/2013,true,[GGAC] 予選,,false
[GGAC] 予選,,,true,[GGAC] 予選,,false
[GGAC] ゲームギガAGS予選,,,true,[GGAC] ゲームギガAGS予選,ゲームギガAGS,false
[GGAC] 予選,,,true,[GGAC] 予選,,false
[GGAC] 予選,,,true,[GGAC] 予選,,false
[GGAC] 予選,3/30/2013,3/30/2013,true,[GGAC] 予選,,false
[GGAC] 予選,,,true,[GGAC] 予選,,false
[GGAC] スーパーノバ福島店予選,,,true,[GGAC] スーパーノバ福島店予選,スーパーノバ福島店,false
[GGAC] 予選,,,true,[GGAC] 予選,,false
[GGAC] 予選,,,true,[GGAC] 予選,,false
[GGAC] 予選,,,true,[GGAC] 予選,,false
[GGAC] 予選,4/14/2013,4/14/2013,true,[GGAC] 予選,,false
[GGAC] 予選,,,true,[GGAC] 予選,,false
[GGAC] スーパービンゴ郡山店予選,,,true,[GGAC] スーパービンゴ郡山店予選,スーパービンゴ郡山店,false
[GGAC] 予選,,,true,[GGAC] 予選,,false
[GGAC] 予選,,,true,[GGAC] 予選,,false
[GGAC] 予選,,,true,[GGAC] 予選,,false
[GGAC] 予選,,,true,[GGAC] 予選,,false
[GGAC] 予選,,,true,[GGAC] 予選,,false
[GGAC]山形エリア 予選,,,true,[GGAC]山形エリア 予選,,false
[GGAC] 予選,,,true,[GGAC] 予選,,false
[GGAC] 予選,,,true,[GGAC] 予選,,false
[GGAC] 予選,4/6/2013,4/6/2013,true,[GGAC] 予選,,false
[GGAC] 予選,,,true,[GGAC] 予選,,false
[GGAC] NEXT.ONE米沢店予選,,,true,[GGAC] NEXT.ONE米沢店予選,NEXT.ONE米沢店,false
[GGAC] 予選,,,true,[GGAC] 予選,,false
[GGAC] 予選,,,true,[GGAC] 予選,,false
[GGAC] 予選,,,true,[GGAC] 予選,,false
[GGAC] 予選,,,true,[GGAC] 予選,,false
[GGAC] 予選,,,true,[GGAC] 予選,,false
[GGAC]岩手エリア 予選,,,true,[GGAC]岩手エリア 予選,,false
[GGAC] 予選,,,true,[GGAC] 予選,,false
[GGAC] 予選,,,true,[GGAC] 予選,,false
[GGAC] 予選,4/7/2013,4/7/2013,true,[GGAC] 予選,,false
[GGAC] 予選,,,true,[GGAC] 予選,,false
[GGAC] みらい夢津志田店予選,,,true,[GGAC] みらい夢津志田店予選,みらい夢津志田店,false
[GGAC] 予選,,,true,[GGAC] 予選,,false
[GGAC] 予選,,,true,[GGAC] 予選,,false
[GGAC] 予選,,,true,[GGAC] 予選,,false
[GGAC] 予選,,,true,[GGAC] 予選,,false
[GGAC] 予選,,,true,[GGAC] 予選,,false
[GGAC]青森エリア 予選,,,true,[GGAC]青森エリア 予選,,false
[GGAC] 予選,,,true,[GGAC] 予選,,false
[GGAC] 予選,,,true,[GGAC] 予選,,false
[GGAC] 予選,4/20/2013,4/20/2013,true,[GGAC] 予選,,false
[GGAC] 予選,,,true,[GGAC] 予選,,false
[GGAC] セガワールド八戸Ｒ４５予選,,,true,[GGAC] セガワールド八戸Ｒ４５予選,セガワールド八戸Ｒ４５,false
[GGAC] 予選,,,true,[GGAC] 予選,,false
[GGAC] 予選,,,true,[GGAC] 予選,,false
[GGAC] 予選,,,true,[GGAC] 予選,,false
[GGAC] 予選,,,true,[GGAC] 予選,,false
[GGAC] 予選,,,true,[GGAC] 予選,,false
[GGAC]宮城エリア 予選,,,true,[GGAC]宮城エリア 予選,,false
[GGAC] 予選,,,true,[GGAC] 予選,,false
[GGAC] 予選,,,true,[GGAC] 予選,,false
[GGAC] 予選,4/21/2013,4/21/2013,true,[GGAC] 予選,,false
[GGAC] 予選,,,true,[GGAC] 予選,,false
[GGAC] プレイランド　エフワンR予選,,,true,[GGAC] プレイランド　エフワンR予選,プレイランド　エフワンR,false
[GGAC] 予選,,,true,[GGAC] 予選,,false
[GGAC] 予選,,,true,[GGAC] 予選,,false
[GGAC] 予選,,,true,[GGAC] 予選,,false
[GGAC] 予選,,,true,[GGAC] 予選,,false
